Image,Name,Slop,Sound,Created Date,Modified Date,Created By,Unique ID
//s3.amazonaws.com/appforest_uf/f1651261234490x830668458313792600/tumblr_0c8d8f6c5c3d341f949a820c271abfeb_61fa090f_640.jpeg,yeah,Never Too Young to Die,//s3.amazonaws.com/appforest_uf/f1651256090884x592833540462794600/yeah.m4a,"Apr 29, 2022 2:14 PM","Apr 29, 2022 3:40 PM",(App admin),1651256092938x235305163629837120
//s3.amazonaws.com/appforest_uf/f1651259208081x859124658283790800/858146268017983499.webp,whatastory,The Room,//s3.amazonaws.com/appforest_uf/f1651256080243x493891784835342140/whatastory.m4a,"Apr 29, 2022 2:14 PM","Apr 29, 2022 3:22 PM",(App admin),1651256081587x730297311966272400
//s3.amazonaws.com/appforest_uf/f1651260688555x651382753337471400/wessels.jpeg,wessels,Star Trek IV: The Voyage Home,//s3.amazonaws.com/appforest_uf/f1651256072152x528443336910385600/wessels.m4a,"Apr 29, 2022 2:14 PM","Apr 29, 2022 3:31 PM",(App admin),1651256073587x172763284623018050
//s3.amazonaws.com/appforest_uf/f1651260657670x844561796286551000/kiss.jpeg,abc,Vampire's Kiss,//s3.amazonaws.com/appforest_uf/f1651256060830x985951788438152300/vampireskissabc.m4a,"Apr 29, 2022 2:14 PM","Apr 29, 2022 3:30 PM",(App admin),1651256062345x422321462909091650
//s3.amazonaws.com/appforest_uf/f1651260618647x790210354207703400/images%20%281%29.jpeg,turtleclub,The Master of Disguise,//s3.amazonaws.com/appforest_uf/f1651256051307x865417329471900800/turtleclub.m4a,"Apr 29, 2022 2:14 PM","Apr 29, 2022 3:30 PM",(App admin),1651256052987x980505300407693800
//s3.amazonaws.com/appforest_uf/f1651260611684x523225503042166200/turtleclub.jpg,turtle,The Master of Disguise,//s3.amazonaws.com/appforest_uf/f1651256042139x103651704175321100/turtle.m4a,"Apr 29, 2022 2:14 PM","Apr 29, 2022 3:30 PM",(App admin),1651256043918x615397318575398700
//s3.amazonaws.com/appforest_uf/f1651258675189x813104754279904400/856590526795087912.webp,tearingmeapart,The Room,//s3.amazonaws.com/appforest_uf/f1651256032667x566467632894482000/tearingmeapart.m4a,"Apr 29, 2022 2:13 PM","Apr 29, 2022 3:23 PM",(App admin),1651256034030x882194648567019400
//s3.amazonaws.com/appforest_uf/f1651258696406x346362024021649150/925753253973610587.webp,sucked,Grand Isle,//s3.amazonaws.com/appforest_uf/f1651256022659x971059657849779200/sucked.m4a,"Apr 29, 2022 2:13 PM","Apr 29, 2022 3:23 PM",(App admin),1651256023969x748462619477256000
//s3.amazonaws.com/appforest_uf/f1651258735598x578469425096180400/951563383428222986.webp,shutyourhole,Hell Comes to Frogtown,//s3.amazonaws.com/appforest_uf/f1651256013435x700897994306421500/shutyourhole2.m4a,"Apr 29, 2022 2:13 PM","Apr 29, 2022 3:23 PM",(App admin),1651256014894x910831438793062900
//s3.amazonaws.com/appforest_uf/f1651260565627x751224503708821200/25087112._SX540_.jpg,sexlife,The Room,//s3.amazonaws.com/appforest_uf/f1651256003020x935006774664807200/sexlife.m4a,"Apr 29, 2022 2:13 PM","Apr 29, 2022 3:29 PM",(App admin),1651256004414x368171246265782460
//s3.amazonaws.com/appforest_uf/f1651261151984x549829958161977660/thepoepl.jpg,peoplearestrange,The Room,//s3.amazonaws.com/appforest_uf/f1651255993391x707227722129556900/peoplearestrange.m4a,"Apr 29, 2022 2:13 PM","Apr 29, 2022 3:39 PM",(App admin),1651255994850x514562364400055000
//s3.amazonaws.com/appforest_uf/f1651261116977x449021595100940700/ben-and-arthur-mraovich.jpeg,penis,Ben & Arthur,//s3.amazonaws.com/appforest_uf/f1651255981408x341417403304742360/penis.m4a,"Apr 29, 2022 2:13 PM","Apr 29, 2022 3:38 PM",(App admin),1651255983046x232396036812030140
//s3.amazonaws.com/appforest_uf/f1651258832356x726851792083102800/928363833121210368.webp,peach,Con Air,//s3.amazonaws.com/appforest_uf/f1651255972171x203194018833987800/peach.m4a,"Apr 29, 2022 2:12 PM","Apr 29, 2022 3:23 PM",(App admin),1651255973534x984276063951550200
//s3.amazonaws.com/appforest_uf/f1651260055018x411567200956601800/rapdog.jpg,partytime,Titanic: The Legend Goes On,//s3.amazonaws.com/appforest_uf/f1651255962415x680620551339229400/partytime.m4a,"Apr 29, 2022 2:12 PM","Apr 29, 2022 3:21 PM",(App admin),1651255963614x311835453402749000
//s3.amazonaws.com/appforest_uf/f1651261192435x569104499996953500/roadhouse.jpeg,pain,Road House,//s3.amazonaws.com/appforest_uf/f1651255953215x207947143021330000/pain.m4a,"Apr 29, 2022 2:12 PM","Apr 29, 2022 3:39 PM",(App admin),1651255954666x625768079403483600
//s3.amazonaws.com/appforest_uf/f1651261046312x874921752950240400/Troll-2-Oh-My-God.jpeg,ohmygod,Troll 2,//s3.amazonaws.com/appforest_uf/f1651255945109x881367056603119500/ohmygod.m4a,"Apr 29, 2022 2:12 PM","Apr 29, 2022 3:37 PM",(App admin),1651255946386x870986867650141800
//s3.amazonaws.com/appforest_uf/f1651260024560x229464159423196100/ohhai.jpg,ohhaimark,The Room,//s3.amazonaws.com/appforest_uf/f1651255935754x407062301456543550/ohhaimark.m4a,"Apr 29, 2022 2:12 PM","Apr 29, 2022 3:23 PM",(App admin),1651255937024x496355497700626200
//s3.amazonaws.com/appforest_uf/f1651259989851x740745341673926900/46562_1589338371_65605de767934fc7bbf06021a289d0f7.jpeg,ohgodohman,Tough Guys Donâ€™t Dance,//s3.amazonaws.com/appforest_uf/f1651255926015x359741135783901300/ohgodohman.m4a,"Apr 29, 2022 2:12 PM","Apr 29, 2022 3:36 PM",(App admin),1651255927488x365645628954116350
//s3.amazonaws.com/appforest_uf/f1651258946189x208547953779002050/925753253973610587.webp,negotiator,Grand Isle,//s3.amazonaws.com/appforest_uf/f1651255915230x606061132276360400/negotiator.m4a,"Apr 29, 2022 2:11 PM","Apr 29, 2022 3:36 PM",(App admin),1651255916668x532234682082592960
//s3.amazonaws.com/appforest_uf/f1651259931534x919665441065000400/datmountain2.jpeg,mountain,Star Trek V: The Final Frontier,//s3.amazonaws.com/appforest_uf/f1651255903854x197933888712158430/mountain.m4a,"Apr 29, 2022 2:11 PM","Apr 29, 2022 3:35 PM",(App admin),1651255905295x651153548808457000
//s3.amazonaws.com/appforest_uf/f1651258937003x939706969829577900/948625240899067904.webp,moneyplane,Money Plane,//s3.amazonaws.com/appforest_uf/f1651255894217x685421097878367200/moneyplane.m4a,"Apr 29, 2022 2:11 PM","Apr 29, 2022 3:24 PM",(App admin),1651255896131x500295843900257400
//s3.amazonaws.com/appforest_uf/f1651258982150x709372396724936560/896933502216462428.webp,mananimal,Battlefield Earth,//s3.amazonaws.com/appforest_uf/f1651255882871x349069556001637440/mananimal.m4a,"Apr 29, 2022 2:11 PM","Apr 29, 2022 3:24 PM",(App admin),1651255884586x265782343774026980
//s3.amazonaws.com/appforest_uf/f1651259900980x567127291687047550/datmountain.jpeg,lovemountain,Star Trek V: The Final Frontier,//s3.amazonaws.com/appforest_uf/f1651255871076x485808508899461060/lovemountain.m4a,"Apr 29, 2022 2:11 PM","Apr 29, 2022 3:35 PM",(App admin),1651255872763x570574701248781800
//s3.amazonaws.com/appforest_uf/f1651259867284x649681013080749000/loveis.jpeg,loveisblind,The Room,//s3.amazonaws.com/appforest_uf/f1651255860667x170443861411500480/loveisblind.m4a,"Apr 29, 2022 2:11 PM","Apr 29, 2022 3:24 PM",(App admin),1651255862078x826420206025776100
//s3.amazonaws.com/appforest_uf/f1651259958246x732158173173026700/9oj3dde7zh741.jpeg,loveachother,The Room,//s3.amazonaws.com/appforest_uf/f1651255850202x336765378732518900/loveeachother.m4a,"Apr 29, 2022 2:10 PM","Apr 29, 2022 3:24 PM",(App admin),1651255851516x341059990280299300
//s3.amazonaws.com/appforest_uf/f1651260849539x711010069025357360/image.jpeg,letsgo,Face/Off,//s3.amazonaws.com/appforest_uf/f1651255840803x854458193616625500/letsgo.m4a,"Apr 29, 2022 2:10 PM","Apr 29, 2022 3:35 PM",(App admin),1651255842212x717881981472322600
//s3.amazonaws.com/appforest_uf/f1651258432932x453568911545589840/grabango.webp,kerbango,Battlefield Earth,//s3.amazonaws.com/appforest_uf/f1651255830324x295138068655224770/kerbango.m4a,"Apr 29, 2022 2:10 PM","Apr 29, 2022 2:54 PM",(App admin),1651255832014x939233296055457700
//s3.amazonaws.com/appforest_uf/f1651259820287x734469816128547000/fewmin.jpeg,inafewminutes,The Room,//s3.amazonaws.com/appforest_uf/f1651255816487x445583303603327440/inafewminutes.m4a,"Apr 29, 2022 2:10 PM","Apr 29, 2022 3:24 PM",(App admin),1651255818060x513598274230792960
//s3.amazonaws.com/appforest_uf/f1651259750387x625762157161269900/vampires.jpeg,imavampire,Vampire's Kiss,//s3.amazonaws.com/appforest_uf/f1651255805761x289929081637288400/imavampire.m4a,"Apr 29, 2022 2:10 PM","Apr 29, 2022 3:24 PM",(App admin),1651255807247x953236251503960300
//s3.amazonaws.com/appforest_uf/f1651260891474x308498566871185300/samurai.jpg,ilovewhatisee,Samurai Cop,//s3.amazonaws.com/appforest_uf/f1651255795795x498641270710579650/ilovewhatisee.m4a,"Apr 29, 2022 2:09 PM","Apr 29, 2022 3:34 PM",(App admin),1651255797280x443085360417436740
//s3.amazonaws.com/appforest_uf/f1651259718162x270025083271369540/maxresdefault%20%281%292.jpeg,ididnot,The Room,//s3.amazonaws.com/appforest_uf/f1651255785300x329673595151932900/ididnot.m4a,"Apr 29, 2022 2:09 PM","Apr 29, 2022 3:24 PM",(App admin),1651255787104x429210083865163140
//s3.amazonaws.com/appforest_uf/f1651259688481x530633444179207100/Wild%20Mountain%20Thyme%20Jamie%20Dornan%20Emily%20Blunt.png,honeybee,Wild Mountain Thyme,//s3.amazonaws.com/appforest_uf/f1651255775891x872476293728036000/honeybee.m4a,"Apr 29, 2022 2:09 PM","Apr 29, 2022 3:25 PM",(App admin),1651255777253x178521206706700350
//s3.amazonaws.com/appforest_uf/f1651259642000x598602953486317600/20130731175243wickerman_2.png,honey,The Wicker Man,//s3.amazonaws.com/appforest_uf/f1651255766207x980835643432974300/honey.m4a,"Apr 29, 2022 2:09 PM","Apr 29, 2022 3:25 PM",(App admin),1651255767643x162825283253659200
//s3.amazonaws.com/appforest_uf/f1651258886576x127632193989250850/947897211218460712.webp,holdme,Titanic: The Legend Goes On,//s3.amazonaws.com/appforest_uf/f1651255755833x785984687672891100/holdme.m4a,"Apr 29, 2022 2:09 PM","Apr 29, 2022 3:25 PM",(App admin),1651255757531x171762976773541570
//s3.amazonaws.com/appforest_uf/f1651259599610x414789699493779400/Tumblr_m4g0gtaas01qenesq%20copy.jpg,hidoggie,The Room,//s3.amazonaws.com/appforest_uf/f1651255743679x381537702770653440/hidoggie.m4a,"Apr 29, 2022 2:09 PM","Apr 29, 2022 3:25 PM",(App admin),1651255745228x987567865725463700
//s3.amazonaws.com/appforest_uf/f1651258864106x210431596663667840/948330983185317959.webp,hero,Cool as Ice,//s3.amazonaws.com/appforest_uf/f1651255732140x224788325379712300/hero.m4a,"Apr 29, 2022 2:08 PM","Apr 29, 2022 3:25 PM",(App admin),1651255734225x873154680665643400
//s3.amazonaws.com/appforest_uf/f1651259555606x909072141072492700/hard-ticket-to-hawaii-880x320.jpeg,hardticket,Hard Ticket to Hawaii,//s3.amazonaws.com/appforest_uf/f1651255722827x896713100148511400/hardticket.m4a,"Apr 29, 2022 2:08 PM","Apr 29, 2022 3:21 PM",(App admin),1651255725043x729792597666184300
//s3.amazonaws.com/appforest_uf/f1651259488136x339640943741908100/fpp%2Csmall%2Clustre%2Cwall_texture%2Cproduct%2C750x1000.jpeg,garbageday,Silent Night Deadly Night 2,//s3.amazonaws.com/appforest_uf/f1651255711828x788651989378287700/garbageday.m4a,"Apr 29, 2022 2:08 PM","Apr 29, 2022 3:36 PM",(App admin),1651255713556x321284476740579140
//s3.amazonaws.com/appforest_uf/f1651259446904x264385364398999740/maxresdefault%20%281%29.jpeg,freeze,Batman and Robin,//s3.amazonaws.com/appforest_uf/f1651255699791x260785685747249020/freeze.m4a,"Apr 29, 2022 2:08 PM","Apr 29, 2022 3:21 PM",(App admin),1651255701272x219841025041468640
//s3.amazonaws.com/appforest_uf/f1651260774522x311758976743191900/896933595497758720.webp,fly,Battlefield Earth,//s3.amazonaws.com/appforest_uf/f1651255689315x540277123040537660/fly.m4a,"Apr 29, 2022 2:08 PM","Apr 29, 2022 3:32 PM",(App admin),1651255692084x659294015576231700
//s3.amazonaws.com/appforest_uf/f1651259018573x257313913085586160/928363783448047667.webp,faceoff,Face/Off,//s3.amazonaws.com/appforest_uf/f1651255681719x207538211867248860/faceoff.m4a,"Apr 29, 2022 2:08 PM","Apr 29, 2022 3:19 PM",(App admin),1651255683219x438240977242731140
//s3.amazonaws.com/appforest_uf/f1651260743872x544828541431654900/hard-ticket-to-hawaii-lg.jpeg,face,Hard Ticket to Hawaii,//s3.amazonaws.com/appforest_uf/f1651255672508x670151743670046600/face.m4a,"Apr 29, 2022 2:07 PM","Apr 29, 2022 3:35 PM",(App admin),1651255674118x328136353789017150
//s3.amazonaws.com/appforest_uf/f1651260527475x351137911132212160/eyes.jpeg,eyes,The Wicker Man,//s3.amazonaws.com/appforest_uf/f1651255663539x424087784817048100/eyes.m4a,"Apr 29, 2022 2:07 PM","Apr 29, 2022 3:28 PM",(App admin),1651255665045x973601256513410100
//s3.amazonaws.com/appforest_uf/f1651259403537x905571098553787500/image_5.jpeg,drinkenstein,Rhinestone,//s3.amazonaws.com/appforest_uf/f1651255653846x358628327282514560/drinkenstein.m4a,"Apr 29, 2022 2:07 PM","Apr 29, 2022 3:19 PM",(App admin),1651255655363x179700779457904200
//s3.amazonaws.com/appforest_uf/f1651259370441x455896610543363100/jupiter_ascending3%20copy.jpg,dogs,Jupiter Ascending,//s3.amazonaws.com/appforest_uf/f1651255642229x233978733220382200/dogs.m4a,"Apr 29, 2022 2:07 PM","Apr 29, 2022 3:19 PM",(App admin),1651255643929x725482847802774800
//s3.amazonaws.com/appforest_uf/f1651259327462x263689718131061560/national-treasure-nicolas-cage%20copy.jpg,declaration,National Treasure,//s3.amazonaws.com/appforest_uf/f1651255633954x348043147326197760/declaration.m4a,"Apr 29, 2022 2:07 PM","Apr 29, 2022 3:19 PM",(App admin),1651255635456x658495456384399200
//s3.amazonaws.com/appforest_uf/f1651259292328x954445752164965900/EddieDeadfall%20copy.jpg,deadfall_fuck,Deadfall,//s3.amazonaws.com/appforest_uf/f1651255622779x125517982305082930/deadfall_fuck.m4a,"Apr 29, 2022 2:07 PM","Apr 29, 2022 3:19 PM",(App admin),1651255624351x189921573851031580
//s3.amazonaws.com/appforest_uf/f1651260436918x382761946903858560/grandisle.jpg,cyanide,Grand Isle,//s3.amazonaws.com/appforest_uf/f1651255612634x912508168848552300/cyanide.m4a,"Apr 29, 2022 2:06 PM","Apr 29, 2022 3:27 PM",(App admin),1651255614148x290406583369780200
//s3.amazonaws.com/appforest_uf/f1651259253337x361447171589848200/artworks-000416805993-mmmyyn-t500x500.jpeg,cheepcheep,The Room,//s3.amazonaws.com/appforest_uf/f1651255603095x312663866374840440/cheepcheep.m4a,"Apr 29, 2022 2:06 PM","Apr 29, 2022 3:19 PM",(App admin),1651255604660x491974676221833340
//s3.amazonaws.com/appforest_uf/f1651259147648x908384872730192300/cage-wicker-man-featured.png,burned,The Wicker Man,//s3.amazonaws.com/appforest_uf/f1651255592995x696062457079526400/burned.m4a,"Apr 29, 2022 2:06 PM","Apr 29, 2022 3:18 PM",(App admin),1651255594590x160714122341858660